Estado,Region,RegionN,Qt1,Qt2,Qt3,Qt4,TotalExp,year
TotalMX,Mexico,0,512.5025,578.23366,626.11002,661.25122,2378.0974,2007
Aguascalientes,Centro-norte,3,10.75959,9.79202,11.8701,11.47671,43.89842,2007
Baja California,Norte,1,68.1677,71.87457,82.33045,96.21403,318.58675,2007
Baja California Sur,Norte-occidente,2,0.38426,0.28242,0.40754,0.41575,1.48997,2007
Campeche,Sur,5,56.46622,68.51415,77.378,88.15714,290.51551,2007
Coahuila,Norte,1,34.6569,39.95774,47.2956,52.7861,174.69634,2007
Colima,Centro-norte,3,0.11697,0.2133,0.24624,0.21903,0.79554,2007
Chiapas,Sur,5,1.95508,2.37279,2.34377,2.41087,9.08251,2007
Chihuahua,Norte,1,62.7105,73.31129,72.12263,72.80303,280.94745,2007
Ciudad de Mexico,Centro,4,6.82527,6.63713,7.04805,6.62171,27.13216,2007
Durango,Norte-occidente,2,1.72672,1.93467,2.57582,2.54982,8.78703,2007
Guanajuato,Centro,4,12.73193,16.34064,17.1864,17.99354,64.25251,2007
Guerrero,Sur,5,0.21815,0.28604,0.33312,0.58387,1.42118,2007
Hidalgo,Centro,4,2.71969,2.77738,4.01734,3.49192,13.00633,2007
Jalisco,Centro-norte,3,32.34231,35.39803,40.5806,36.1388,144.45974,2007
Mexico,Centro,4,19.06915,20.67288,22.62213,24.06721,86.43137,2007
Michoacan,Centro-norte,3,1.04113,0.69292,0.64603,1.19282,3.5729,2007
Morelos,Centro,4,4.87183,4.73545,5.49734,5.34461,20.44923,2007
Nayarit,Norte-occidente,2,0.06008,0.07425,0.12664,0.11018,0.37115,2007
Nuevo Leon,Norte,1,45.94881,50.69272,50.48093,50.91231,198.03477,2007
Oaxaca,Sur,5,1.46397,1.50572,1.76006,1.50346,6.23321,2007
Puebla,Centro,4,15.15507,17.969,21.68141,23.00765,77.81313,2007
Queretaro,Centro,4,7.52823,8.76067,8.87394,8.94223,34.10507,2007
Quintana Roo,Sur,5,0.08856,0.10457,0.11974,0.0928,0.40567,2007
San Luis Potosi,Centro-norte,3,11.04292,12.23635,12.01496,12.58845,47.88268,2007
Sinaloa,Norte-occidente,2,0.751,0.80127,0.8401,0.85596,3.24833,2007
Sonora,Norte,1,31.01094,33.02125,33.59478,32.17686,129.80383,2007
Tabasco,Sur,5,16.2926,19.79667,21.92791,24.70877,82.72595,2007
Tamaulipas,Norte,1,47.71448,56.87332,58.63435,61.95215,225.1743,2007
Tlaxcala,Centro,4,1.63682,1.88957,2.02593,1.91012,7.46244,2007
Veracruz ,Sur,5,10.57297,10.79049,10.53885,10.79844,42.70075,2007
Yucatan,Sur,5,2.19738,2.6566,3.18705,3.42446,11.46549,2007
Zacatecas,Norte-occidente,2,4.27526,5.2678,5.80222,5.80042,21.1457,2007
TotalMX,Mexico,0,621.93381,704.78739,701.00001,551.95658,2579.67779,2008
Aguascalientes,Centro-norte,3,9.75433,11.68812,12.8478,10.27868,44.56893,2008
Baja California,Norte,1,72.19128,83.10408,94.39323,80.20054,329.88913,2008
Baja California Sur,Norte-occidente,2,0.37951,0.60856,0.44073,0.40875,1.83755,2008
Campeche,Sur,5,83.97478,98.34249,92.01868,44.04216,318.37811,2008
Coahuila,Norte,1,53.91736,58.82664,52.09648,52.72989,217.57037,2008
Colima,Centro-norte,3,0.17457,0.23452,0.23413,0.22286,0.86608,2008
Chiapas,Sur,5,2.2543,2.68698,2.58765,1.4153,8.94423,2008
Chihuahua,Norte,1,66.73342,75.85237,74.34095,60.11597,277.04271,2008
Ciudad de Mexico,Centro,4,6.37332,7.77669,7.996,6.55469,28.7007,2008
Durango,Norte-occidente,2,1.8307,2.50709,2.97712,2.53412,9.84903,2008
Guanajuato,Centro,4,15.65124,16.53208,16.18213,15.83379,64.19924,2008
Guerrero,Sur,5,0.91267,0.55245,0.56291,0.45528,2.48331,2008
Hidalgo,Centro,4,4.7475,5.89231,6.06425,3.74225,20.44631,2008
Jalisco,Centro-norte,3,32.27737,39.84306,43.71651,37.76904,153.60598,2008
Mexico,Centro,4,24.4134,26.69844,24.54713,23.44001,99.09898,2008
Michoacan,Centro-norte,3,2.04714,2.56838,4.40637,1.97526,10.99715,2008
Morelos,Centro,4,4.70025,5.07865,5.29311,4.43666,19.50867,2008
Nayarit,Norte-occidente,2,0.03557,0.0766,0.20273,0.08414,0.39904,2008
Nuevo Leon,Norte,1,54.51895,56.97996,57.3069,48.85206,217.65787,2008
Oaxaca,Sur,5,3.08754,3.80767,4.44165,3.152,14.48886,2008
Puebla,Centro,4,20.56475,24.22075,24.62427,22.64498,92.05475,2008
Queretaro,Centro,4,10.28695,10.81024,10.50093,9.08117,40.67929,2008
Quintana Roo,Sur,5,0.1536,0.11662,0.07651,0.0763,0.42303,2008
San Luis Potosi,Centro-norte,3,11.8188,12.21155,11.73843,9.52065,45.28943,2008
Sinaloa,Norte-occidente,2,0.90824,0.93746,1.28439,0.67915,3.80924,2008
Sonora,Norte,1,31.02754,32.46048,30.40319,26.45994,120.35115,2008
Tabasco,Sur,5,26.28694,30.67874,28.95153,13.99068,99.90789,2008
Tamaulipas,Norte,1,56.91336,66.51352,63.86529,51.21351,238.50568,2008
Tlaxcala,Centro,4,1.92198,2.52421,2.47004,1.79189,8.70812,2008
Veracruz ,Sur,5,12.80161,15.81964,15.21788,10.48294,54.32207,2008
Yucatan,Sur,5,2.52337,2.59034,2.94663,2.83101,10.89135,2008
Zacatecas,Norte-occidente,2,6.75147,6.24671,6.26442,4.94091,24.20351,2008
TotalMX,Mexico,0,421.54792,462.54415,512.04506,586.20411,1982.34124,2009
Aguascalientes,Centro-norte,3,7.94218,8.99577,10.64971,11.92342,39.51108,2009
Baja California,Norte,1,58.12647,64.01182,68.47085,76.80915,267.41829,2009
Baja California Sur,Norte-occidente,2,0.37264,0.39443,0.3215,0.56419,1.65276,2009
Campeche,Sur,5,31.21263,42.09629,47.76541,54.85591,175.93024,2009
Coahuila,Norte,1,31.76183,27.013,35.28094,44.99343,139.0492,2009
Colima,Centro-norte,3,0.17127,0.16217,0.23017,0.24983,0.81344,2009
Chiapas,Sur,5,1.60045,2.02187,2.33007,2.6012,8.55359,2009
Chihuahua,Norte,1,52.5891,57.15209,64.07813,73.90184,247.72116,2009
Ciudad de Mexico,Centro,4,5.63557,5.8153,6.20854,6.12097,23.78038,2009
Durango,Norte-occidente,2,1.95736,2.05028,2.06491,2.22191,8.29446,2009
Guanajuato,Centro,4,11.46153,10.97594,15.18231,19.22036,56.84014,2009
Guerrero,Sur,5,0.7534,1.12402,1.18437,1.58685,4.64864,2009
Hidalgo,Centro,4,2.94058,3.03454,3.27587,3.44406,12.69505,2009
Jalisco,Centro-norte,3,35.23588,37.95682,37.52439,39.87879,150.59588,2009
Mexico,Centro,4,17.40505,16.93939,18.53281,23.60628,76.48353,2009
Michoacan,Centro-norte,3,3.08594,1.5445,1.47028,1.95875,8.05947,2009
Morelos,Centro,4,3.09864,3.32122,4.06636,5.13592,15.62214,2009
Nayarit,Norte-occidente,2,0.10299,0.20148,0.20289,0.06827,0.57563,2009
Nuevo Leon,Norte,1,38.9554,40.31264,45.04949,48.95259,173.27012,2009
Oaxaca,Sur,5,2.07018,2.42541,2.85014,3.0981,10.44383,2009
Puebla,Centro,4,14.25175,15.47403,15.49731,21.52952,66.75261,2009
Queretaro,Centro,4,7.15128,7.99895,9.29203,10.26897,34.71123,2009
Quintana Roo,Sur,5,0.08978,0.074,0.09864,0.0947,0.35712,2009
San Luis Potosi,Centro-norte,3,7.79014,8.0842,9.29447,10.42224,35.59105,2009
Sinaloa,Norte-occidente,2,0.53438,0.537,0.50228,0.50793,2.08159,2009
Sonora,Norte,1,16.45107,23.72461,24.76347,28.86343,93.80258,2009
Tabasco,Sur,5,12.33014,16.65138,18.95206,21.75233,69.68591,2009
Tamaulipas,Norte,1,40.27304,44.17867,47.35075,51.4007,183.20316,2009
Tlaxcala,Centro,4,1.4294,1.56286,1.68998,1.77087,6.45311,2009
Veracruz ,Sur,5,9.07942,10.19049,10.37215,11.42592,41.06798,2009
Yucatan,Sur,5,2.10176,2.39541,3.00826,2.82901,10.33444,2009
Zacatecas,Norte-occidente,2,3.58667,4.12357,4.48452,4.1467,16.34146,2009
TotalMX,Mexico,0,570.63077,647.40463,661.50428,705.50779,2585.04747,2010
Aguascalientes,Centro-norte,3,13.23978,13.98117,13.97297,15.28538,56.4793,2010
Baja California,Norte,1,58.42101,74.44286,74.03506,81.92301,288.82194,2010
Baja California Sur,Norte-occidente,2,0.44999,0.37361,0.51449,0.57024,1.90833,2010
Campeche,Sur,5,52.66891,55.78997,57.0224,70.08247,235.56375,2010
Coahuila,Norte,1,48.57136,54.83836,55.826,60.47063,219.70635,2010
Colima,Centro-norte,3,0.23027,0.24813,0.30483,0.29533,1.07856,2010
Chiapas,Sur,5,2.79719,3.05045,3.09548,3.50843,12.45155,2010
Chihuahua,Norte,1,74.59446,88.71485,90.67711,92.3524,346.33882,2010
Ciudad de Mexico,Centro,4,6.30148,6.97731,7.26071,7.05663,27.59613,2010
Durango,Norte-occidente,2,2.06239,2.5169,2.88576,3.70768,11.17273,2010
Guanajuato,Centro,4,18.60192,20.7768,21.36027,22.02051,82.7595,2010
Guerrero,Sur,5,1.48729,2.01304,1.38554,1.40797,6.29384,2010
Hidalgo,Centro,4,2.64014,2.2766,2.99785,3.0773,10.99189,2010
Jalisco,Centro-norte,3,42.219,44.82745,51.33132,49.63218,188.00995,2010
Mexico,Centro,4,23.62862,26.40886,28.92311,29.66952,108.63011,2010
Michoacan,Centro-norte,3,3.13049,3.5119,2.41983,2.74459,11.80681,2010
Morelos,Centro,4,4.8807,5.01784,5.27213,5.84546,21.01613,2010
Nayarit,Norte-occidente,2,0.05665,0.10968,0.27561,0.19171,0.63365,2010
Nuevo Leon,Norte,1,47.88359,54.68272,52.48697,58.38438,213.43766,2010
Oaxaca,Sur,5,2.33429,1.49558,2.39715,2.07509,8.30211,2010
Puebla,Centro,4,19.15632,21.47614,22.07386,23.25778,85.9641,2010
Queretaro,Centro,4,10.31582,11.31436,11.92281,12.43465,45.98764,2010
Quintana Roo,Sur,5,0.09686,0.09197,0.30169,0.09951,0.59003,2010
San Luis Potosi,Centro-norte,3,10.42238,11.88233,12.58903,13.36237,48.25611,2010
Sinaloa,Norte-occidente,2,0.64868,0.6975,0.65451,0.65049,2.65118,2010
Sonora,Norte,1,30.30275,33.47614,34.47695,36.65352,134.90936,2010
Tabasco,Sur,5,23.75725,25.0899,25.91429,31.32563,106.08707,2010
Tamaulipas,Norte,1,48.25014,56.80973,55.66689,52.2208,212.94756,2010
Tlaxcala,Centro,4,1.80259,1.97229,2.20948,2.17602,8.16038,2010
Veracruz ,Sur,5,12.33369,12.94659,12.61395,13.82744,51.72167,2010
Yucatan,Sur,5,2.64512,2.80923,3.17646,3.36927,12.00008,2010
Zacatecas,Norte-occidente,2,4.69965,6.78436,5.45976,5.82944,22.77321,2010
TotalMX,Mexico,0,697.39352,766.21036,760.24743,773.47388,2997.32519,2011
Aguascalientes,Centro-norte,3,13.9901,15.24035,14.42156,16.8644,60.51641,2011
Baja California,Norte,1,67.61548,74.03489,75.70411,84.16065,301.51513,2011
Baja California Sur,Norte-occidente,2,0.45047,0.3729,0.44559,0.47956,1.74852,2011
Campeche,Sur,5,72.94517,81.55881,76.87589,81.97449,313.35436,2011
Coahuila,Norte,1,61.28549,70.43858,71.38023,69.28085,272.38515,2011
Colima,Centro-norte,3,0.28871,0.37039,0.38857,0.37967,1.42734,2011
Chiapas,Sur,5,3.9171,4.44553,4.16786,4.1223,16.65279,2011
Chihuahua,Norte,1,88.58125,100.2524,96.17578,99.45071,384.46014,2011
Ciudad de Mexico,Centro,4,7.01677,7.73957,8.15542,7.77631,30.68807,2011
Durango,Norte-occidente,2,3.45729,3.35899,3.73113,3.48181,14.02922,2011
Guanajuato,Centro,4,23.44892,25.55626,24.51999,23.48582,97.01099,2011
Guerrero,Sur,5,1.78598,1.73332,1.6708,1.61037,6.80047,2011
Hidalgo,Centro,4,3.41472,3.96206,3.56056,4.45366,15.391,2011
Jalisco,Centro-norte,3,37.22854,37.74454,39.54831,38.81063,153.33202,2011
Mexico,Centro,4,35.51286,40.8319,41.21264,41.6479,159.2053,2011
Michoacan,Centro-norte,3,3.84424,2.71836,2.21356,2.64691,11.42307,2011
Morelos,Centro,4,7.27318,7.50506,7.79592,8.84064,31.4148,2011
Nayarit,Norte-occidente,2,0.21292,0.32482,0.30259,0.17505,1.01538,2011
Nuevo Leon,Norte,1,56.44078,63.40007,63.71198,62.34372,245.89655,2011
Oaxaca,Sur,5,2.47214,2.71891,2.25798,2.52074,9.96977,2011
Puebla,Centro,4,24.70537,24.92454,29.89853,27.39537,106.92381,2011
Queretaro,Centro,4,13.96814,14.94416,15.70547,16.26487,60.88264,2011
Quintana Roo,Sur,5,0.43904,0.34428,0.11162,0.10813,1.00307,2011
San Luis Potosi,Centro-norte,3,13.60092,14.79204,14.71696,14.44606,57.55598,2011
Sinaloa,Norte-occidente,2,0.88038,0.80409,0.70711,0.74411,3.13569,2011
Sonora,Norte,1,33.70126,36.52009,33.6342,37.0967,140.95225,2011
Tabasco,Sur,5,35.95879,40.83694,38.22519,40.43758,155.4585,2011
Tamaulipas,Norte,1,54.27522,57.979,57.70248,50.88833,220.84503,2011
Tlaxcala,Centro,4,2.17234,2.34041,2.52635,2.34073,9.37983,2011
Veracruz ,Sur,5,15.84071,17.47849,17.16311,16.97451,67.45682,2011
Yucatan,Sur,5,2.89593,3.14009,3.55693,3.67105,13.264,2011
Zacatecas,Norte-occidente,2,7.77331,7.79854,8.059,8.60025,32.2311,2011
TotalMX,Mexico,0,768.2471,808.55251,791.22027,832.12197,3200.14185,2012
Aguascalientes,Centro-norte,3,14.84067,15.12672,15.26043,16.61001,61.83783,2012
Baja California,Norte,1,68.46122,77.96207,78.62508,91.58216,316.63053,2012
Baja California Sur,Norte-occidente,2,0.41595,0.34729,0.46243,0.46631,1.69198,2012
Campeche,Sur,5,77.86398,69.81991,73.15913,73.10271,293.94573,2012
Coahuila,Norte,1,74.32175,82.66482,78.67762,80.69701,316.3612,2012
Colima,Centro-norte,3,0.46324,0.57583,0.56056,0.61134,2.21097,2012
Chiapas,Sur,5,4.32987,4.11607,4.02646,3.7133,16.1857,2012
Chihuahua,Norte,1,99.18103,107.23298,97.72853,113.50607,417.64861,2012
Ciudad de Mexico,Centro,4,7.28108,7.81575,7.58352,6.69428,29.37463,2012
Durango,Norte-occidente,2,4.05569,3.97285,3.84956,4.20476,16.08286,2012
Guanajuato,Centro,4,24.73576,24.63324,26.8386,25.27954,101.48714,2012
Guerrero,Sur,5,1.76402,1.80261,1.77425,1.93947,7.28035,2012
Hidalgo,Centro,4,4.57179,3.56216,3.7015,3.26458,15.10003,2012
Jalisco,Centro-norte,3,44.16442,50.00706,49.20268,50.42302,193.79718,2012
Mexico,Centro,4,40.87113,43.88228,41.16405,44.84812,170.76558,2012
Michoacan,Centro-norte,3,2.81345,3.2211,3.06043,3.42486,12.51984,2012
Morelos,Centro,4,10.0289,10.08939,10.32923,10.75257,41.20009,2012
Nayarit,Norte-occidente,2,0.18196,0.26788,0.27371,0.24633,0.96988,2012
Nuevo Leon,Norte,1,62.31282,68.18094,64.28738,63.37387,258.15501,2012
Oaxaca,Sur,5,2.55026,1.65954,1.78155,1.77359,7.76494,2012
Puebla,Centro,4,25.78958,29.40537,36.744,30.84051,122.77946,2012
Queretaro,Centro,4,17.32769,18.84449,18.34665,19.34509,73.86392,2012
Quintana Roo,Sur,5,0.14789,0.12132,0.03519,0.13735,0.44175,2012
San Luis Potosi,Centro-norte,3,16.11681,18.43188,18.42922,19.26623,72.24414,2012
Sinaloa,Norte-occidente,2,1.13226,1.19869,0.94787,1.2167,4.49552,2012
Sonora,Norte,1,36.38664,37.09951,32.2147,40.68853,146.38938,2012
Tabasco,Sur,5,39.06518,35.34905,36.90263,36.16992,147.48678,2012
Tamaulipas,Norte,1,53.95155,58.70594,53.53605,56.48841,222.68195,2012
Tlaxcala,Centro,4,2.43782,2.51942,2.499,2.70768,10.16392,2012
Veracruz ,Sur,5,18.94824,17.67716,16.5112,16.70622,69.84282,2012
Yucatan,Sur,5,2.98107,3.09352,3.72378,3.48521,13.28358,2012
Zacatecas,Norte-occidente,2,8.75339,9.16568,8.98328,8.55621,35.45856,2012
TotalMX,Mexico,0,756.90534,833.25586,847.56629,857.89957,3295.62706,2013
Aguascalientes,Centro-norte,3,16.46851,15.79525,17.29164,17.70667,67.26207,2013
Baja California,Norte,1,65.36843,80.27851,81.07738,95.5714,322.29572,2013
Baja California Sur,Norte-occidente,2,0.37997,0.32606,0.53306,0.53307,1.77216,2013
Campeche,Sur,5,70.6771,64.50361,69.7923,66.39223,271.36524,2013
Coahuila,Norte,1,75.04822,83.6961,85.99865,85.40814,330.15111,2013
Colima,Centro-norte,3,0.50893,0.73786,0.67769,0.88537,2.80985,2013
Chiapas,Sur,5,3.97842,4.22336,4.01663,3.91452,16.13293,2013
Chihuahua,Norte,1,97.2874,110.6106,114.97424,114.83755,437.70979,2013
Ciudad de Mexico,Centro,4,6.19278,6.52894,7.01253,6.29204,26.02629,2013
Durango,Norte-occidente,2,4.13525,4.42359,3.9223,4.39061,16.87175,2013
Guanajuato,Centro,4,26.95078,28.22474,33.7632,32.77126,121.70998,2013
Guerrero,Sur,5,1.69895,1.63595,1.41852,1.37985,6.13327,2013
Hidalgo,Centro,4,3.51353,3.71544,3.86958,4.80119,15.89974,2013
Jalisco,Centro-norte,3,43.98894,51.1148,54.26175,51.67967,201.04516,2013
Mexico,Centro,4,40.93385,47.29256,46.80869,47.06973,182.10483,2013
Michoacan,Centro-norte,3,3.38853,4.38191,3.97484,3.59574,15.34102,2013
Morelos,Centro,4,10.24022,10.16031,10.86497,10.80504,42.07054,2013
Nayarit,Norte-occidente,2,0.19753,0.27081,0.41353,0.2122,1.09407,2013
Nuevo Leon,Norte,1,58.84023,66.69096,66.49404,66.94661,258.97184,2013
Oaxaca,Sur,5,2.6887,2.71451,2.41578,3.35921,11.1782,2013
Puebla,Centro,4,29.07772,31.61879,27.1032,22.23373,110.03344,2013
Queretaro,Centro,4,18.04059,20.32247,20.40332,22.82081,81.58719,2013
Quintana Roo,Sur,5,0.05109,0.11946,0.1835,0.01128,0.36533,2013
San Luis Potosi,Centro-norte,3,18.20947,20.4399,19.55994,19.82734,78.03665,2013
Sinaloa,Norte-occidente,2,1.26587,1.48346,1.31874,1.13637,5.20444,2013
Sonora,Norte,1,41.84639,49.07724,43.12145,44.12058,178.16566,2013
Tabasco,Sur,5,33.87381,31.20015,33.63088,31.80061,130.50545,2013
Tamaulipas,Norte,1,51.29106,57.83404,58.21911,61.94827,229.29248,2013
Tlaxcala,Centro,4,2.87106,3.17074,3.18834,3.15623,12.38637,2013
Veracruz ,Sur,5,18.83945,19.24841,18.26043,18.69118,75.03947,2013
Yucatan,Sur,5,2.76421,2.89644,3.14794,3.3614,12.16999,2013
Zacatecas,Norte-occidente,2,6.28835,8.51891,9.8481,10.23965,34.89501,2013
TotalMX,Mexico,0,792.68653,891.20165,891.23755,900.47109,3475.59682,2014
Aguascalientes,Centro-norte,3,20.18619,20.62915,22.59834,21.2464,84.66008,2014
Baja California,Norte,1,69.36175,87.59343,87.78162,105.29171,350.02851,2014
Baja California Sur,Norte-occidente,2,0.49538,0.4006,0.46115,0.47142,1.82855,2014
Campeche,Sur,5,61.88844,59.94174,57.05026,44.39033,223.27077,2014
Coahuila,Norte,1,79.0454,89.67177,88.2585,91.41359,348.38926,2014
Colima,Centro-norte,3,0.53732,0.60544,0.82204,0.73223,2.69703,2014
Chiapas,Sur,5,3.76551,4.10312,3.52952,3.20812,14.60627,2014
Chihuahua,Norte,1,102.54817,116.5195,115.76001,121.11682,455.9445,2014
Ciudad de Mexico,Centro,4,6.46335,7.23431,7.27667,6.07864,27.05297,2014
Durango,Norte-occidente,2,4.02116,4.82171,5.02415,4.75264,18.61966,2014
Guanajuato,Centro,4,38.22067,41.41964,45.23153,47.17185,172.04369,2014
Guerrero,Sur,5,1.45893,1.20872,1.32113,0.95118,4.93996,2014
Hidalgo,Centro,4,3.65049,4.6276,4.64637,4.29205,17.21651,2014
Jalisco,Centro-norte,3,42.27394,45.57207,48.95206,50.57905,187.37712,2014
Mexico,Centro,4,49.13506,57.79393,60.03133,57.76376,224.72408,2014
Michoacan,Centro-norte,3,2.80421,2.60395,2.92089,2.66414,10.99319,2014
Morelos,Centro,4,8.90068,9.21194,10.25958,9.54366,37.91586,2014
Nayarit,Norte-occidente,2,0.2325,0.31575,0.3238,0.25403,1.12608,2014
Nuevo Leon,Norte,1,68.03424,78.89344,82.735,85.46745,315.13013,2014
Oaxaca,Sur,5,3.02681,3.88897,3.55269,3.12382,13.59229,2014
Puebla,Centro,4,23.93871,29.35982,25.40797,27.23942,105.94592,2014
Queretaro,Centro,4,20.78945,23.62957,23.18682,23.87192,91.47776,2014
Quintana Roo,Sur,5,0.12035,0.02161,0.03911,0.01116,0.19223,2014
San Luis Potosi,Centro-norte,3,19.73368,21.28705,21.96434,21.78326,84.76833,2014
Sinaloa,Norte-occidente,2,1.79474,2.02537,2.06215,1.81482,7.69708,2014
Sonora,Norte,1,37.81521,40.37824,38.64673,39.27866,156.11884,2014
Tabasco,Sur,5,30.92984,30.36092,28.92432,22.73958,112.95466,2014
Tamaulipas,Norte,1,60.75184,70.46509,70.32143,72.44159,273.97995,2014
Tlaxcala,Centro,4,3.0521,3.36109,3.24127,3.1309,12.78536,2014
Veracruz ,Sur,5,17.68908,21.30112,17.30573,16.13202,72.42795,2014
Yucatan,Sur,5,3.06434,3.17596,3.77966,4.2048,14.22476,2014
Zacatecas,Norte-occidente,2,6.95697,8.77901,7.82142,7.31007,30.86747,2014
TotalMX,Mexico,0,800.28821,868.29973,856.99522,846.11879,3371.70195,2015
Aguascalientes,Centro-norte,3,21.18625,21.21267,21.52218,21.03334,84.95444,2015
Baja California,Norte,1,73.69387,93.43771,99.23376,118.05462,384.41996,2015
Baja California Sur,Norte-occidente,2,0.34033,0.42549,0.52595,0.70484,1.99661,2015
Campeche,Sur,5,31.47237,31.48083,28.18983,21.74063,112.88366,2015
Coahuila,Norte,1,86.91692,93.10227,92.238,90.26051,362.5177,2015
Colima,Centro-norte,3,0.65601,0.73582,0.87573,0.61652,2.88408,2015
Chiapas,Sur,5,3.24367,2.81649,2.81257,2.78477,11.6575,2015
Chihuahua,Norte,1,96.80562,99.91213,106.20606,100.10564,403.02945,2015
Ciudad de Mexico,Centro,4,5.78843,6.58534,6.24332,5.90593,24.52302,2015
Durango,Norte-occidente,2,4.37362,4.53465,4.38209,4.23459,17.52495,2015
Guanajuato,Centro,4,49.26147,53.97061,53.16513,51.4811,207.87831,2015
Guerrero,Sur,5,0.94084,0.82324,0.76798,0.81316,3.34522,2015
Hidalgo,Centro,4,4.89876,4.7497,4.02463,3.59195,17.26504,2015
Jalisco,Centro-norte,3,45.43506,49.42241,51.71703,50.80234,197.37684,2015
Mexico,Centro,4,51.95984,54.5179,54.11479,53.33473,213.92726,2015
Michoacan,Centro-norte,3,2.07026,2.27745,2.37902,1.50227,8.229,2015
Morelos,Centro,4,8.56509,8.4067,8.68226,8.37353,34.02758,2015
Nayarit,Norte-occidente,2,0.18389,0.2508,0.41245,0.16539,1.01253,2015
Nuevo Leon,Norte,1,81.86935,93.98512,85.58835,83.77874,345.22156,2015
Oaxaca,Sur,5,2.58837,2.52683,1.62549,0.63132,7.37201,2015
Puebla,Centro,4,24.61247,27.56991,26.2032,23.03084,101.41642,2015
Queretaro,Centro,4,23.4169,26.94838,26.62865,27.01074,104.00467,2015
Quintana Roo,Sur,5,0.12887,0.14512,0.02763,0.00913,0.31075,2015
San Luis Potosi,Centro-norte,3,23.17648,25.5071,24.70131,24.67908,98.06397,2015
Sinaloa,Norte-occidente,2,3.4146,3.36386,3.26218,2.41853,12.45917,2015
Sonora,Norte,1,39.87547,44.72273,40.6275,43.73313,168.95883,2015
Tabasco,Sur,5,18.46282,17.85543,16.52246,13.19556,66.03627,2015
Tamaulipas,Norte,1,64.51254,66.96944,65.31105,66.20799,263.00102,2015
Tlaxcala,Centro,4,3.06321,3.21675,3.49012,3.30244,13.07252,2015
Veracruz ,Sur,5,15.70236,13.9421,13.66484,11.06125,54.37055,2015
Yucatan,Sur,5,3.39654,3.53227,3.92143,3.85916,14.7094,2015
Zacatecas,Norte-occidente,2,8.27593,9.35248,7.92823,7.69502,33.25166,2015
TotalMX,Mexico,0,735.07644,817.89929,837.02236,859.01611,3249.0142,2016
Aguascalientes,Centro-norte,3,20.37057,19.75078,18.93795,19.65032,78.70962,2016
Baja California,Norte,1,74.79002,87.40247,93.55195,104.22836,359.9728,2016
Baja California Sur,Norte-occidente,2,0.4114,0.47824,0.70885,0.77665,2.37514,2016
Campeche,Sur,5,16.42688,23.01925,27.43753,28.26741,95.15107,2016
Coahuila,Norte,1,85.78029,92.6135,95.78232,102.81952,376.99563,2016
Colima,Centro-norte,3,0.60616,0.68463,0.71842,0.71691,2.72612,2016
Chiapas,Sur,5,1.37973,1.54784,1.50254,1.44493,5.87504,2016
Chihuahua,Norte,1,93.59723,107.08947,117.18889,115.54507,433.42066,2016
Ciudad de Mexico,Centro,4,5.75583,6.08737,5.91797,5.26734,23.02851,2016
Durango,Norte-occidente,2,3.79813,4.4497,4.25408,4.04593,16.54784,2016
Guanajuato,Centro,4,51.62738,56.61593,55.98267,56.77237,220.99835,2016
Guerrero,Sur,5,1.4176,1.85765,1.74404,1.45858,6.47787,2016
Hidalgo,Centro,4,3.97915,4.8621,3.76558,4.17046,16.77729,2016
Jalisco,Centro-norte,3,43.96917,47.31721,48.07554,39.4167,178.77862,2016
Mexico,Centro,4,42.64476,46.50303,41.56451,42.60993,173.32223,2016
Michoacan,Centro-norte,3,2.03737,2.36875,3.10526,2.28076,9.79214,2016
Morelos,Centro,4,9.60602,9.68496,9.07027,9.51396,37.87521,2016
Nayarit,Norte-occidente,2,0.40584,0.40681,0.48243,0.36853,1.66361,2016
Nuevo Leon,Norte,1,73.64914,81.0065,83.09778,84.01963,321.77305,2016
Oaxaca,Sur,5,1.61934,1.8349,1.42999,1.38738,6.27161,2016
Puebla,Centro,4,18.23535,22.81831,23.35979,29.31625,93.7297,2016
Queretaro,Centro,4,24.47919,27.45941,25.16615,26.04361,103.14836,2016
Quintana Roo,Sur,5,0.01808,0.02223,0.04416,0.14709,0.23156,2016
San Luis Potosi,Centro-norte,3,22.34763,24.68555,23.66753,24.34955,95.05026,2016
Sinaloa,Norte-occidente,2,2.91995,3.38228,3.18147,3.35591,12.83961,2016
Sonora,Norte,1,43.64838,44.83023,42.9028,44.06282,175.44423,2016
Tabasco,Sur,5,9.32738,13.33885,15.28687,15.75444,53.70754,2016
Tamaulipas,Norte,1,57.1782,62.8064,64.90284,64.37482,249.26226,2016
Tlaxcala,Centro,4,3.33032,3.2373,3.30282,3.23757,13.10801,2016
Veracruz ,Sur,5,10.08378,10.65853,10.95768,11.69857,43.39856,2016
Yucatan,Sur,5,3.33746,3.24374,2.94322,3.10212,12.62654,2016
Zacatecas,Norte-occidente,2,6.29869,5.83536,6.98844,8.8126,27.93509,2016
TotalMX,Mexico,0,802.8086,877.52282,883.95527,952.97392,3517.26061,2017
Aguascalientes,Centro-norte,3,21.07344,19.83401,17.96388,19.42886,78.30019,2017
Baja California,Norte,1,78.52746,86.99364,92.59593,105.04013,363.15716,2017
Baja California Sur,Norte-occidente,2,0.48396,0.57643,0.54992,0.88542,2.49573,2017
Campeche,Sur,5,27.78502,25.93093,31.62432,41.92064,127.26091,2017
Coahuila,Norte,1,90.2626,97.30972,97.02091,104.91354,389.50677,2017
Colima,Centro-norte,3,0.31812,0.33858,0.40305,0.27705,1.3368,2017
Chiapas,Sur,5,1.50065,1.59842,1.39621,1.56603,6.06131,2017
Chihuahua,Norte,1,103.7412,123.11418,118.45792,119.6022,464.9155,2017
Ciudad de Mexico,Centro,4,6.52602,6.78235,6.30576,6.69131,26.30544,2017
Durango,Norte-occidente,2,3.75303,4.24657,4.28761,4.43636,16.72357,2017
Guanajuato,Centro,4,56.10968,59.09381,57.40683,60.99258,233.6029,2017
Guerrero,Sur,5,0.52479,0.61556,0.53918,0.69005,2.36958,2017
Hidalgo,Centro,4,4.6578,5.00826,4.07518,4.14809,17.88933,2017
Jalisco,Centro-norte,3,44.13671,45.20201,45.60131,51.93645,186.87648,2017
Mexico,Centro,4,41.96508,45.98255,48.48988,49.58241,186.01992,2017
Michoacan,Centro-norte,3,3.20886,3.57848,3.19614,2.74226,12.72574,2017
Morelos,Centro,4,9.16529,8.86616,8.08864,8.78774,34.90783,2017
Nayarit,Norte-occidente,2,0.28758,0.34074,0.32745,0.28977,1.24554,2017
Nuevo Leon,Norte,1,77.7823,90.46686,97.37585,94.42224,360.04725,2017
Oaxaca,Sur,5,1.94701,1.65821,1.19239,1.23919,6.0368,2017
Puebla,Centro,4,29.35262,37.29408,38.78739,44.75743,150.19152,2017
Queretaro,Centro,4,24.1008,27.07883,25.13118,28.47531,104.78612,2017
Quintana Roo,Sur,5,0.00748,0.16121,0.15669,0.00635,0.33173,2017
San Luis Potosi,Centro-norte,3,30.38088,33.45204,32.7262,37.04675,133.60587,2017
Sinaloa,Norte-occidente,2,2.29257,2.32398,2.39246,2.59232,9.60133,2017
Sonora,Norte,1,42.51619,44.42087,42.41958,45.07933,174.43597,2017
Tabasco,Sur,5,14.11326,13.18392,15.99791,20.83017,64.12526,2017
Tamaulipas,Norte,1,59.1347,64.86657,63.5922,67.47969,255.07316,2017
Tlaxcala,Centro,4,3.43526,3.43198,3.36172,3.57068,13.79964,2017
Veracruz ,Sur,5,14.01668,13.40166,12.09443,14.11586,53.62863,2017
Yucatan,Sur,5,2.05278,2.45491,2.46902,2.65292,9.62963,2017
Zacatecas,Norte-occidente,2,7.64879,7.91529,7.92809,6.77481,30.26698,2017
TotalMX,Mexico,0,928.65371,1007.9505,1012.69682,1057.79899,4007.10002,2018
Aguascalientes,Centro-norte,3,21.74725,24.16351,25.24296,25.35347,96.50719,2018
Baja California,Norte,1,84.86589,98.34522,101.8401,113.91333,398.96454,2018
Baja California Sur,Norte-occidente,2,0.93108,0.63031,0.89278,0.97898,3.43315,2018
Campeche,Sur,5,42.39566,46.05616,49.97626,45.17931,183.60739,2018
Coahuila,Norte,1,97.35695,101.30757,105.3642,106.31936,410.34808,2018
Colima,Centro-norte,3,1.97925,1.85682,1.87125,1.82291,7.53023,2018
Chiapas,Sur,5,2.28406,2.4153,2.04141,1.97561,8.71638,2018
Chihuahua,Norte,1,116.01933,132.64478,131.22622,148.75155,528.64188,2018
Ciudad de Mexico,Centro,4,6.06106,6.73452,6.90165,6.62425,26.32148,2018
Durango,Norte-occidente,2,4.71376,5.31727,5.42672,5.81225,21.27,2018
Guanajuato,Centro,4,64.7222,66.78406,60.02772,63.51282,255.0468,2018
Guerrero,Sur,5,1.61887,1.73012,1.81294,1.90636,7.06829,2018
Hidalgo,Centro,4,4.88345,5.66228,5.73313,6.14468,22.42354,2018
Jalisco,Centro-norte,3,47.84678,54.75719,51.56165,57.17056,211.33618,2018
Mexico,Centro,4,47.94621,48.37295,54.66546,52.36636,203.35098,2018
Michoacan,Centro-norte,3,13.89839,12.57711,11.44828,11.56176,49.48554,2018
Morelos,Centro,4,8.86942,9.93246,9.58141,9.95005,38.33334,2018
Nayarit,Norte-occidente,2,0.67442,0.60902,0.86654,0.616,2.76598,2018
Nuevo Leon,Norte,1,85.69448,98.1209,104.74853,107.58888,396.15279,2018
Oaxaca,Sur,5,2.0259,3.12072,1.8191,2.22447,9.19019,2018
Puebla,Centro,4,38.94493,40.96788,46.00435,42.46194,168.3791,2018
Queretaro,Centro,4,26.21194,28.86377,26.32932,30.86828,112.27331,2018
Quintana Roo,Sur,5,0.06536,0.20358,0.31251,0.2098,0.79125,2018
San Luis Potosi,Centro-norte,3,35.70516,38.83885,39.45741,38.94208,152.9435,2018
Sinaloa,Norte-occidente,2,11.77781,7.74083,4.67411,5.43357,29.62632,2018
Sonora,Norte,1,49.03137,51.05282,44.83806,53.70975,198.632,2018
Tabasco,Sur,5,17.97461,18.66181,18.78689,14.7533,70.17661,2018
Tamaulipas,Norte,1,62.82576,67.45063,69.75734,73.11368,273.14741,2018
Tlaxcala,Centro,4,3.13974,3.781,3.73731,3.75113,14.40918,2018
Veracruz ,Sur,5,15.98329,17.54993,15.61245,14.52626,63.67193,2018
Yucatan,Sur,5,2.4363,2.88501,2.87307,2.94472,11.1391,2018
Zacatecas,Norte-occidente,2,8.02303,8.81611,7.26566,7.31153,31.41633,2018
TotalMX,Mexico,0,972.29436,1081.54895,1060.54505,1061.40996,4175.79832,2019
Aguascalientes,Centro-norte,3,27.17514,31.37206,28.39679,30.99674,117.94073,2019
Baja California,Norte,1,91.34555,104.35346,108.89655,119.37395,423.96951,2019
Baja California Sur,Norte-occidente,2,0.75649,0.69411,0.4724,0.99512,2.91812,2019
Campeche,Sur,5,45.64335,44.33726,39.52209,36.28806,165.79076,2019
Coahuila,Norte,1,101.28435,120.62848,130.40966,124.27212,476.59461,2019
Colima,Centro-norte,3,1.72055,1.78282,1.81761,1.52741,6.84839,2019
Chiapas,Sur,5,2.18817,2.26602,1.97635,1.77115,8.20169,2019
Chihuahua,Norte,1,125.61019,150.1135,143.11644,155.50126,574.34139,2019
Ciudad de Mexico,Centro,4,6.4525,6.72801,7.10596,6.38479,26.67126,2019
Durango,Norte-occidente,2,5.85766,6.9193,7.00338,7.59196,27.3723,2019
Guanajuato,Centro,4,61.01665,65.16987,62.62342,61.84804,250.65798,2019
Guerrero,Sur,5,2.01842,2.25184,2.66812,2.72636,9.66474,2019
Hidalgo,Centro,4,4.98057,5.93255,6.60105,5.47926,22.99343,2019
Jalisco,Centro-norte,3,50.74226,57.43841,54.66189,53.75384,216.5964,2019
Mexico,Centro,4,49.53624,52.77604,50.42741,47.36032,200.10001,2019
Michoacan,Centro-norte,3,13.82923,14.48436,12.95295,14.59825,55.86479,2019
Morelos,Centro,4,8.17858,7.71269,7.8473,7.12848,30.86705,2019
Nayarit,Norte-occidente,2,0.63492,0.65034,0.71659,0.66575,2.6676,2019
Nuevo Leon,Norte,1,92.44717,102.68302,104.21987,99.22047,398.57053,2019
Oaxaca,Sur,5,1.81559,2.09057,1.5016,1.71798,7.12574,2019
Puebla,Centro,4,41.31338,47.61798,45.29102,41.25736,175.47974,2019
Queretaro,Centro,4,28.3693,33.0411,33.17915,34.09843,128.68798,2019
Quintana Roo,Sur,5,0.197,0.2095,0.25497,0.1476,0.80907,2019
San Luis Potosi,Centro-norte,3,36.91245,38.93644,39.81839,39.64948,155.31676,2019
Sinaloa,Norte-occidente,2,11.92551,7.25957,4.3786,4.83634,28.40002,2019
Sonora,Norte,1,49.84085,55.49746,46.62249,46.44451,198.40531,2019
Tabasco,Sur,5,13.5721,12.73298,11.71421,12.10886,50.12815,2019
Tamaulipas,Norte,1,67.61341,74.45994,75.01052,74.21774,291.30161,2019
Tlaxcala,Centro,4,3.39445,3.78793,3.79011,3.63616,14.60865,2019
Veracruz ,Sur,5,16.5827,18.25588,16.80598,15.32792,66.97248,2019
Yucatan,Sur,5,2.49745,2.84159,2.88427,2.97294,11.19625,2019
Zacatecas,Norte-occidente,2,6.84217,6.52388,7.85787,7.5113,28.73522,2019
TotalMX,Mexico,0,981.44712,652.67884,1000.99245,1107.98729,3743.1057,2020
Aguascalientes,Centro-norte,3,31.00336,13.21203,31.22986,39.05167,114.49692,2020
Baja California,Norte,1,93.20396,75.92156,110.89032,126.57475,406.59059,2020
Baja California Sur,Norte-occidente,2,0.69094,0.72211,0.47823,0.76627,2.65755,2020
Campeche,Sur,5,32.68532,16.40922,26.09361,27.55841,102.74656,2020
Coahuila,Norte,1,116.64425,66.16381,128.36527,138.44236,449.61569,2020
Colima,Centro-norte,3,1.89785,1.85836,1.86228,1.90167,7.52016,2020
Chiapas,Sur,5,2.1755,1.68023,1.58427,1.69909,7.13909,2020
Chihuahua,Norte,1,131.21694,107.41728,149.76729,160.80245,549.20396,2020
Ciudad de Mexico,Centro,4,5.92606,4.51233,5.18711,5.65526,21.28076,2020
Durango,Norte-occidente,2,6.535,5.31128,7.52589,7.47606,26.84823,2020
Guanajuato,Centro,4,67.33104,28.58884,67.56794,76.25792,239.74574,2020
Guerrero,Sur,5,2.4228,1.37787,3.01974,2.82873,9.64914,2020
Hidalgo,Centro,4,4.25182,3.26909,2.38442,2.85425,12.75958,2020
Jalisco,Centro-norte,3,50.73831,43.43939,49.81174,57.00421,200.99365,2020
Mexico,Centro,4,39.20981,23.99081,36.02646,40.86917,140.09625,2020
Michoacan,Centro-norte,3,17.60564,15.18905,10.30338,13.98402,57.08209,2020
Morelos,Centro,4,7.12726,3.48558,7.92406,7.90859,26.44549,2020
Nayarit,Norte-occidente,2,0.61961,0.58083,0.74731,0.54243,2.49018,2020
Nuevo Leon,Norte,1,87.76946,68.6922,87.89144,100.19724,344.55034,2020
Oaxaca,Sur,5,1.43435,1.58354,0.86566,1.45125,5.3348,2020
Puebla,Centro,4,40.29567,9.97283,42.85554,42.08034,135.20438,2020
Queretaro,Centro,4,31.7796,19.16646,30.86648,35.57635,117.38889,2020
Quintana Roo,Sur,5,0.01963,0.01695,0.13789,0.03233,0.2068,2020
San Luis Potosi,Centro-norte,3,35.5154,17.9678,41.46623,41.69686,136.64629,2020
Sinaloa,Norte-occidente,2,12.80046,6.8625,4.39278,4.99679,29.05253,2020
Sonora,Norte,1,51.34412,37.45957,41.02314,47.52724,177.35407,2020
Tabasco,Sur,5,11.77004,6.63011,10.49094,11.84278,40.73387,2020
Tamaulipas,Norte,1,66.65258,47.94279,72.09266,80.22198,266.91001,2020
Tlaxcala,Centro,4,3.83731,3.02341,3.49296,4.13306,14.48674,2020
Veracruz ,Sur,5,15.88763,13.02069,11.76108,12.04356,52.71296,2020
Yucatan,Sur,5,2.52289,1.23209,2.23819,2.59154,8.58471,2020
Zacatecas,Norte-occidente,2,8.53252,5.97822,10.6483,11.41864,36.57768,2020
